{
    "permissionDenied": "❌ماعندك صلاحيات ع البوت ياهطف كلم حاتم",
    "notInVocal" : "انت خش روم عشان اشغلك اغاني قبل تتشرط❌",
    "noArgsSongSearch" : "❌ طيب اكتب شي ولا تبي اشغل لك بالنية؟",
    "nothingPlaying": "❌ مافي شي عشان اشغله",
    "noSongsQueued": "❌ مافي شي باللسته",
    "cantLoop": "❌ حط اغنية قبل تفعل التكرار",
    "badUrl": "❌ الرابط معطوب يالطيب",
    "errorJoin": "❌ لازم تكون مشغل اغاني اول",
    "noVolume": "❌ حدد الصوت من 0.1 لين 10",
    "nothingPlayingVolume": "❌ لازم تكون مشغل شي عشان تشغل اغنية",
    "toMuchArgsVolume": "❌ ياخي حط رقم اقدر استوعبه",
    "volumeToHigh": "❌ الصوت ماينفع يكون اكثر من 10",
    "noNumber": "❌ تراك ماكتبت اي رقم",
    "earrapeFail": "❌ في شي صار بس مدري وش",
    "startedPlaying": "✅ '**SONG_TITLE**' ابشر شغلت لك ",
    "songAddedToQueue": "✅ '**SONG_TITLE**' ولايهمك ضفت الاغنية باللستة",
    "musicStopped": "✅ طيب وقفتها خلاص",
    "musicSkipped": "✅ طيب سكبت الاغنية لاتعصب",
    "loopOn": ":repeat_one: **التكرار شغال**",
    "loopOff": ":repeat_one: **خلاص قفلت التكرار**",
    "joinMsg": "✅ جيتك الروم لاتسحبني لو سمحت",
    "volumeChanged": "✅ غيرت الصوت لـ VOLUME",
    "startEarrape" : "✅ غيرت الصوت لعيونك ___**EARRAPE**___ :ear: :headstone:",
    "endEarrape" : "✅ الصوت رجع طبيعي",
    "musicsQueued": ":musical_note: **Musics queued** :musical_note: :",
    "earrapeWarning": "⚠ Are you sure ? It can severely damage the hearing of all people in the channel !\nPress the ✅ reaction to continue"
}